{"Rating (Stars)": [1.0, 4.6], "Number of Reviews": [3722.3682432432433, 12231.974487960098], "New Bought Last Month": [410.30405405405406, 832.7432156252908], "New Dashed MRP": [39953.84121621621, 29904.784197461384], "New Discount (%)": [0.0, 65.0], "Storage": [195.45945945945945, 106.90660447187922], "RAM": [7.662162162162162, 2.548656153851171]}