{"rating_stars": [1.0, 5.0], "number_of_reviews": [2787.5377777777776, 14490.092269458171], "bought_last_month": [544.7777777777778, 1199.744987545194], "original_mrp": [57794.962222222224, 46894.61746496768], "discount%": [0.0, 65.0], "storage_in_GB": [212.69333333333333, 128.52294067840032], "RAM_in_GB": [7.6066666666666665, 2.458284479778313]}